,ArticleViolated,Authority,Country,Date,Fine,Org_fined,Type,Country_code,Fines_applied,GDP_pc_2019
0,Art. 32 GDPR,Romanian National Supervisory Authority for Personal Data Processing (ANSPDCP),ROMANIA,2019-11-25,11000,Courier Services Company,Insufficient technical and organisational measures to ensure information security,21,1,9130
1,"Art. 12 GDPR, Art. 17 GDPR",Romanian National Supervisory Authority for Personal Data Processing (ANSPDCP),ROMANIA,2019-11-22,2000,BNP Paribas Personal Finance S.A.,Insufficient fulfilment of data subjects rights,21,2,9130
2,Art. 6 GDPR,Spanish Data Protection Authority (aepd),SPAIN,2019-11-21,60000,Viaqua XestiÄ‚Ĺ‚n Integral Augas de Galicia,Insufficient legal basis for data processing,23,1,25170
3,"Art. 5 GDPR, Art. 6 GDPR, Art. 13 GDPR, Art. 14 GDPR, Art. 21 GDPR",French Data Protection Authority (CNIL),FRANCE,2019-11-21,500000,Futura Internationale,Insufficient fulfilment of data subjects rights,8,5,33270
4,Art. 32 GDPR,Spanish Data Protection Authority (aepd),SPAIN,2019-11-19,60000,CorporaciÄ‚Ĺ‚n radiotelevisiÄ‚Ĺ‚n espanola,Insufficient technical and organisational measures to ensure information security,23,1,25170
5,Art. 32 GDPR,Spanish Data Protection Authority (aepd),SPAIN,2019-11-19,60000,Xfera Moviles S.A.,Insufficient technical and organisational measures to ensure information security,23,1,25170
6,Art. 5 GDPR,Spanish Data Protection Authority (aepd),SPAIN,2019-11-14,30000,TelefÄ‚Ĺ‚nica SA,Non-compliance with general data processing principles,23,1,25170
7,Art. 6 GDPR,Spanish Data Protection Authority (aepd),SPAIN,2019-11-13,3000,General Confederation of Labour ('CGT'),Insufficient legal basis for data processing,23,1,25170
8,Art. 13 GDPR,Spanish Data Protection Authority (aepd),SPAIN,2019-11-07,900,TODOTECNICOS24H S.L.,Insufficient fulfilment of information obligations,23,1,25170
9,Art. 13 GDPR,Spanish Data Protection Authority (aepd),SPAIN,2019-11-06,1500,Cerrajero Online,Insufficient fulfilment of information obligations,23,1,25170
10,Art. 6 GDPR,Data State Inspectorate (DSI),LATVIA,2019-11,150000,Unknown,Insufficient legal basis for data processing,14,1,12490
11,Art. 6 GDPR,Spanish Data Protection Authority (aepd),SPAIN,2019-10-31,6000,Jocker Premium Invex,Insufficient legal basis for data processing,23,1,25170
12,Art. 32 GDPR,Dutch Supervisory Authority for Data Protection (AP),THE NETHERLANDS,2019-10-31,900000,UWV (Dutch employee insurance service provider),Insufficient technical and organisational measures to ensure information security,17,1,42020
13,"Art. 5 GDPR, Art. 25 GDPR",Data Protection Authority of Berlin,GERMANY,2019-10-30,14500000,Deutsche Wohnen SE,Non-compliance with general data processing principles,9,2,35980
14,"Art. 5 GDPR, Art. 6 GDPR",Spanish Data Protection Authority (aepd),SPAIN,2019-10-25,36000,"VODAFONE ESPANA, S.A.U.",Insufficient legal basis for data processing,23,2,25170
15,"Art. 5 (1) a) GDPR, Art. 6 GDPR",Austrian Data Protection Authority (dsb),AUSTRIA,2019-10-23,18000000,Austrian Post,Insufficient legal basis for data processing,1,2,38250
16,Art. 28 GDPR,Polish National Personal Data Protection Office (UODO),POLAND,2019-10-18,9380,Major of AleksandrÄ‚Ĺ‚w Kujawski,Insufficient data processing agreement,19,1,12980
17,"Art. 12 GDPR, Art. 13 GDPR, Art. 5 (1) c) GDPR, Art. 6 GDPR",Romanian National Supervisory Authority for Personal Data Processing (ANSPDCP),ROMANIA,2019-10-17,2500,UTTIS INDUSTRIES SRL,Insufficient fulfilment of information obligations,21,4,9130
18,"Art. 5 GDPR, Art. 6 GDPR",Spanish Data Protection Authority (aepd),SPAIN,2019-10-16,60000,Xfera Moviles S.A.,Insufficient legal basis for data processing,23,2,25170
19,Art. 31 GDPR,Spanish Data Protection Authority (aepd),SPAIN,2019-10-16,8000,Iberdrola Clientes,Lack of cooperation with the supervisory authority,23,1,25170
20,Art. 5 GDPR,Polish National Personal Data Protection Office (UODO),POLAND,2019-10-16,47000,ClickQuickNow,Non-compliance with general data processing principles,19,1,12980
21,Art. 32 GDPR,Romanian National Supervisory Authority for Personal Data Processing (ANSPDCP),ROMANIA,2019-10-09,150000,Raiffeisen Bank SA,Insufficient technical and organisational measures to ensure information security,21,1,9130
22,"Art. 32 GDPR, Art. 33 GDPR",Romanian National Supervisory Authority for Personal Data Processing (ANSPDCP),ROMANIA,2019-10-09,20000,Vreau Credit SRL,Insufficient technical and organisational measures to ensure information security,21,2,9130
23,"Art. 5 (1) c) GDPR, Art. 25 GDPR",Hellenic Data Protection Authority (HDPA),GREECE,2019-10-07,200000,Telecommunication Service Provider,Non-compliance with general data processing principles,10,2,18150
24,"Art. 21 (3) GDPR, Art. 25 GDPR",Hellenic Data Protection Authority (HDPA),GREECE,2019-10-07,200000,Telecommunication Service Provider,Non-compliance with general data processing principles,10,2,18150
25,"Art. 5 GDPR, Art. 6 GDPR",Spanish Data Protection Authority (aepd),SPAIN,2019-10-01,30000,Vueling Airlines,Insufficient legal basis for data processing,23,2,25170
26,"Art. 5 (1) a) GDPR, Art. 6 (1) a) GDPR",Romanian National Supervisory Authority for Personal Data Processing (ANSPDCP),ROMANIA,2019-09-26,9000,Inteligo Media SA,Insufficient legal basis for data processing,21,2,9130
27,"Art. 15 GDPR, Art. 17 GDPR, Art. 21 GDPR",Data Protection Authority of Berlin,GERMANY,2019-09-19,195407,Delivery Hero,Insufficient fulfilment of data subjects rights,9,3,35980
28,Art. 5 (1) c) GDPR,Belgian Data Protection Authority (APD),BELGIUM,2019-09-17,10000,Merchant,Non-compliance with general data processing principles,2,1,35900
29,Art. 32 GDPR,Polish National Personal Data Protection Office (UODO),POLAND,2019-09-10,644780,Morele.net,Insufficient technical and organisational measures to ensure information security,19,1,12980
30,Art. 32 GDPR,Data Protection Commision of Bulgaria (KZLD),BULGARIA,2019-08-28,2600000,National Revenue Agency,Insufficient technical and organisational measures to ensure information security,3,1,6800
31,Art. 32 GDPR,Data Protection Commision of Bulgaria (KZLD),BULGARIA,2019-08-28,511000,DSK Bank,Insufficient technical and organisational measures to ensure information security,3,1,6800
32,Art. 17 GDPR,Data State Inspectorate (DSI),LATVIA,2019-08-26,7000,Online Services,Insufficient fulfilment of data subjects rights,14,1,12490
33,"Art. 5 (1) c) GDPR, Art. 9 GDPR, Art. 35 GDPR, Art. 36 GDPR",Data Protection Authority of Sweden,SWEDEN,2019-08-20,18630,School in SkellefteÄ‚Ä„,Insufficient legal basis for data processing,24,4,43840
34,Art. 6 GDPR,Spanish Data Protection Authority (aepd),SPAIN,2019-08-16,60000,AVON COSMETICS,Insufficient legal basis for data processing,23,1,25170
35,"Art. 13 GDPR, Art. 37 GDPR",Austrian Data Protection Authority (dsb),AUSTRIA,2019-08,50000,Company in the medical sector,Insufficient fulfilment of information obligations,1,2,38250
36,"Art. 5 (1) GDPR, Art. 5 (2) GDPR, Art. 6 (1) GDPR, Art. 13 (1) c) GDPR, Art. 14 (1) c) GDPR",Hellenic Data Protection Authority (HDPA),GREECE,2019-07-30,150000,PWC Business Solutions,Insufficient legal basis for data processing,10,5,18150
37,Art. 32 GDPR,French Data Protection Authority (CNIL),FRANCE,2019-07-25,180000,ACTIVE ASSURANCES (car insurer),Insufficient technical and organisational measures to ensure information security,8,1,33270
38,Art. 32 GDPR,Information Commissioner (ICO),UNITED KINGDOM,2019-07-09,110390200,"Marriott International, Inc",Insufficient technical and organisational measures to ensure information security,25,1,32960
39,Art. 32 GDPR,Information Commissioner (ICO),UNITED KINGDOM,2019-07-08,204600000,British Airways,Insufficient technical and organisational measures to ensure information security,25,1,32960
40,Art. 32 GDPR,Romanian National Supervisory Authority for Personal Data Processing (ANSPDCP),ROMANIA,2019-07-05,3000,LEGAL COMPANY & TAX HUB SRL,Insufficient technical and organisational measures to ensure information security,21,1,9130
41,Art. 32 GDPR,Romanian National Supervisory Authority for Personal Data Processing (ANSPDCP),ROMANIA,2019-07-02,15000,WORLD TRADE CENTER BUCHAREST SA,Insufficient technical and organisational measures to ensure information security,21,1,9130
42,Art. 6 GDPR,Austrian Data Protection Authority (dsb),AUSTRIA,2019-07,11000,Private person (soccer coach),Insufficient legal basis for data processing,1,1,38250
43,"Art. 25 (1) GDPR, Art. 5 (1) c) GDPR",Romanian National Supervisory Authority for Personal Data Processing (ANSPDCP),ROMANIA,2019-06-27,130000,UNICREDIT BANK SA,Insufficient technical and organisational measures to ensure information security,21,2,9130
44,Art. 33 GDPR,Hungarian National Authority for Data Protection and the Freedom of Information (NAIH),HUNGARY,2019-06-25,15150,Unknown,Insufficient fulfilment of data breach notification obligations,11,1,13180
45,Art. 32 GDPR,Dutch Supervisory Authority for Data Protection (AP),THE NETHERLANDS,2019-06-18,460000,Haga Hospital,Insufficient technical and organisational measures to ensure information security,17,1,42020
46,"Art. 5 (1) c) GDPR, Art. 12 GDPR, Art. 13 GDPR, Art. 32 GDPR",French Data Protection Authority (CNIL),FRANCE,2019-06-13,20000,Employer UNIONTRAD COMPANY,Insufficient legal basis for data processing,8,4,33270
47,"Art. 5 (1) a), Art. 7 (3) GDPR",Spanish Data Protection Authority (aepd),SPAIN,2019-06-11,250000,Professional Football League (LaLiga),Insufficient fulfilment of information obligations,23,2,25170
48,"Art. 5 (1) e) GDPR, Art. 5 (2) GDPR",Danish Data Protection Authority (Datatilsynet),DENMARK,2019-06-03,200850,IDdesign A / S,Non-compliance with general data processing principles,7,2,49190
49,"Art. 5 (1) b) GDPR, Art. 6 GDPR",Belgian Data Protection Authority (APD),BELGIUM,2019-05-28,2000,Mayor,Insufficient legal basis for data processing,2,2,35900
50,Art. 32 GDPR,French Data Protection Authority (CNIL),FRANCE,2019-05-28,400000,SERGIC (Real Estate),Insufficient technical and organisational measures to ensure information security,8,1,33270
51,"Art. 6 GDPR, Art. 5 (1) b) GDPR, Art. 13 GDPR",Hungarian National Authority for Data Protection and the Freedom of Information (NAIH),HUNGARY,2019-05-23,92146,Organizer of SZIGET festival and VOLT festival,Insufficient legal basis for data processing,11,3,13180
52,"Art. 5 GDPR, Art. 32 GDPR, Art. 33 GDPR",Lithuanian Data Protection Authority (VDAI),LITHUANIA,2019-05-16,61500,Payment service provider UAB MisterTango,Insufficient fulfilment of data breach notification obligations,15,3,13880
53,Art. 6 GDPR,Data Protection Authority of Baden-Wuerttemberg,GERMANY,2019-05-09,1400,Police Officer,Insufficient legal basis for data processing,9,1,35980
54,Art. 15 GDPR,Czech Data Protection Auhtority (UOOU),CZECH REPUBLIC,2019-05-06,194,Unknown,Insufficient fulfilment of data subjects rights,6,1,18000
55,Art. 32 GDPR,Norwegian Supervisory Authority (Datatilsynet),NORWAY,2019-04-29,203000,Oslo Municipal Education Department,Insufficient technical and organisational measures to ensure information security,18,1,69890
56,Art. 6 GDPR,Polish National Personal Data Protection Office (UODO),POLAND,2019-04-25,12950,Sports association,Insufficient legal basis for data processing,19,1,12980
57,Art. 32 GDPR,Italian Data Protection Authority (Garante),ITALY,2019-04-17,50000,Italian political party Movimento 5 Stelle,Insufficient technical and organisational measures to ensure information security,13,1,26860
58,"Art. 5 (1) a) GDPR, Art. 6 GDPR",Hungarian National Authority for Data Protection and the Freedom of Information (NAIH),HUNGARY,2019-04-17,9400,Unknown,Insufficient legal basis for data processing,11,2,13180
59,"Art. 5 (1) a) GDPR, Art. 9 (1) GDPR, Art. 9 (2) GDPR, Art. 6 (1) GDPR",Data Protection Commision of Bulgaria (KZLD),BULGARIA,2019-04-08,510,Medical centers,Insufficient legal basis for data processing,3,4,6800
60,"Art. 33 (1) GDPR, Art. 33 (5) GDPR, Art. 34 (1) GDPR",Hungarian National Authority for Data Protection and the Freedom of Information (NAIH),HUNGARY,2019-04-05,34375,Hugarian political party,Insufficient fulfilment of data breach notification obligations,11,3,13180
61,Art. 15 GDPR,Hungarian National Authority for Data Protection and the Freedom of Information (NAIH),HUNGARY,2019-04-05,1900,Unknown,Insufficient fulfilment of data subjects rights,11,1,13180
62,Art. 14 GDPR,Polish National Personal Data Protection Office (UODO),POLAND,2019-03-26,219538,Private company working with data from publicly available sources,Insufficient fulfilment of information obligations,19,1,12980
63,"Art. 5 (1) a) GDPR, Art. 6 GDPR",Data Protection Commision of Bulgaria (KZLD),BULGARIA,2019-03-26,5100,A.P. EOOD,Insufficient legal basis for data processing,3,2,6800
64,Art. 13 GDPR,Portuguese Data Protection Authority (CNPD),PORTUGAL,2019-03-25,2000,Unknown,Insufficient fulfilment of information obligations,20,1,18550
65,Art. 5 (1) GDPR,Czech Data Protection Auhtority (UOOU),CZECH REPUBLIC,2019-03-21,9704,Unknown,Non-compliance with general data processing principles,6,1,18000
66,Art. 13 GDPR,Portuguese Data Protection Authority (CNPD),PORTUGAL,2019-03-19,2000,Unknown,Insufficient fulfilment of information obligations,20,1,18550
67,"Art. 5 (1) b) GDPR, Art. 5 (1) c) GDPR, Art. 13 (3) GDPR, Art. 17 (1) GDPR, Art. 6 (4) GDRP",Hungarian National Authority for Data Protection and the Freedom of Information (NAIH),HUNGARY,2019-03-04,3200,Unnamed financial institution,Insufficient fulfilment of data subjects rights,11,5,13180
68,Art. 6 GDPR,Data Protection Authority of Berlin,GERMANY,2019-03,50000,N26,Insufficient legal basis for data processing,9,1,35980
69,"Art. 5 (1) f) GDPR, Art. 32 GDPR",Norwegian Supervisory Authority (Datatilsynet),NORWAY,2019-03,170000,Bergen Municipality,Insufficient technical and organisational measures to ensure information security,18,2,69890
70,Art. 32 GDPR,Czech Data Protection Auhtority (UOOU),CZECH REPUBLIC,2019-02-28,582,Unknown,Insufficient technical and organisational measures to ensure information security,6,1,18000
71,"Art. 5 (1) a) GDPR, Art. 6 GDPR",Hungarian National Authority for Data Protection and the Freedom of Information (NAIH),HUNGARY,2019-02-28,3200,Mayor's Office of the city of KecdkemÄ‚Â©t,Insufficient legal basis for data processing,11,2,13180
72,"Art. 6 GDPR, Art. 5 (1) a) GDPR",Bulgarian Commission for Personal Data Protection (KZLD),BULGARIA,2019-02-26,27100,Telecommunication service provider,Insufficient legal basis for data processing,3,2,6800
73,Art. 15 GDPR,Czech Data Protection Auhtority (UOOU),CZECH REPUBLIC,2019-02-26,776,Unknown,Insufficient fulfilment of data subjects rights,6,1,18000
74,Art. 15 GDPR,Bulgarian Commission for Personal Data Protection (KZLD),BULGARIA,2019-02-22,500,Employer,Insufficient fulfilment of data subjects rights,3,1,6800
75,"Art. 5 (1) a) GDPR, Art. 5 (1) c) GDPR",Hungarian National Authority for Data Protection and the Freedom of Information (NAIH),HUNGARY,2019-02-20,1560,Debt collector,Non-compliance with general data processing principles,11,2,13180
76,"Art. 5 GDPR, Art. 32 GDPR",Data Protection Commissioner of Malta,MALTA,2019-02-18,5000,Lands Authority,Insufficient technical and organisational measures to ensure information security,16,2,22040
77,Art. 5 (1) d) GDPR,Hungarian National Authority for Data Protection and the Freedom of Information (NAIH),HUNGARY,2019-02-08,1560,Bank,Non-compliance with general data processing principles,11,1,13180
78,"Art. 6 GDPR, Art. 5 GDPR",Data Protection Authority of Sachsen-Anhalt,GERMANY,2019-02-05,2500,Private person,Insufficient legal basis for data processing,9,2,35980
79,Art. 15 GDPR,Portuguese Data Protection Authority (CNPD),PORTUGAL,2019-02-05,20000,Unknown,Insufficient fulfilment of data subjects rights,20,1,18550
80,Art. 5 (1) a) GDPR,Czech Data Protection Auhtority (UOOU),CZECH REPUBLIC,2019-02-04,1165,Car renting company,Insufficient fulfilment of information obligations,6,1,18000
81,Art. 32 GDPR,Czech Data Protection Auhtority (UOOU),CZECH REPUBLIC,2019-02-04,1165,Credit brokerage,Insufficient technical and organisational measures to ensure information security,6,1,18000
82,"Art. 13 GDPR, Art. 14 GDPR, Art. 6 GDPR, Art. 5 GDPR",French Data Protection Authority (CNIL),FRANCE,2019-01-21,50000000,Google Inc.,Insufficient legal basis for data processing,8,4,33270
83,"Art. 6 GDPR, Art. 5 (1) a) GDPR",Bulgarian Commission for Personal Data Protection (KZLD),BULGARIA,2019-01-17,500,Bank,Insufficient legal basis for data processing,3,2,6800
84,Art. 6 GDPR,Czech Data Protection Auhtority (UOOU),CZECH REPUBLIC,2019-01-10,388,Employer,Insufficient legal basis for data processing,6,1,18000
85,"Art. 5 (1) a) GDPR, Art. 5 (1) c) GDPR, Art. 6 (1) GDPR, Art. 13 GDPR",Austrian Data Protection Authority (dsb),AUSTRIA,2018-12-20,2200,Private person,Insufficient legal basis for data processing,1,4,38250
86,"Art. 12 (4) GDPR, Art. 15 GDPR, Art. 18 (1) c) GDPR, Art. 13 GDPR",Hungarian National Authority for Data Protection and the Freedom of Information (NAIH),HUNGARY,2018-12-18,3200,Unknown,Insufficient fulfilment of data subjects rights,11,4,13180
87,Art. 28 (3) GDPR,Data Protection Authority of Hamburg,GERMANY,2018-12-17,5000,Kolibri Image Regina und Dirk Maass GbR,Insufficient data processing agreement,9,1,35980
88,Art. 13 GDPR,Austrian Data Protection Authority (dsb),AUSTRIA,2018-12-09,4800,Betting place,Insufficient fulfilment of information obligations,1,1,38250
89,Art. 32 GDPR,Data Protection Authority of Baden-Wuerttemberg,GERMANY,2018-11-21,20000,Knuddels.de,Insufficient technical and organisational measures to ensure information security,9,1,35980
90,Art. 15 GDPR,Czech Data Protection Auhtority (UOOU),CZECH REPUBLIC,2018-10-25,388,Unknown,Insufficient fulfilment of data subjects rights,6,1,18000
91,"Art. 5 (1) a) GDPR, Art. 6 GDPR",Austrian Data Protection Authority (dsb),AUSTRIA,2018-09-27,300,Private car owner,Insufficient legal basis for data processing,1,2,38250
92,"Art. 5 (1) f) GDPR, Art. 32 GDPR",Portuguese Data Protection Authority (CNPD),PORTUGAL,2018-07-17,400000,Public Hospital,Insufficient technical and organisational measures to ensure information security,20,2,18550
93,"Art. 5 (1) b) GDPR, Art. 6 GDPR",Bulgarian Commission for Personal Data Protection (KZLD),BULGARIA,2018-04-12,500,Bank,Insufficient legal basis for data processing,3,2,6800
94,Art. 15 GDPR,Cyprian Data Protection Commissioner,CYPRUS,2019-01-01,5000,State Hospital,Insufficient fulfilment of data subjects rights,5,1,24250
95,Art. 6 GDPR,Cyprian Data Protection Commissioner,CYPRUS,2019-01-01,10000,Newspaper,Insufficient legal basis for data processing,5,1,24250
96,Art. 5(1) e) GDPR,Danish Data Protection Authority (Datatilsynet),DENMARK,2019-01-01,160000,Taxa 4x35,Non-compliance with general data processing principles,7,1,49190
97,Art. 32 GDPR,Data Protection Authority of Baden-Wuerttemberg,GERMANY,2019-01-01,80000,Unknown,Insufficient technical and organisational measures to ensure information security,9,1,35980
98,Art. 5 (1) f) GDPR,Spanish Data Protection Authority (aepd),SPAIN,2019-01-01,60000,ENDESA (energy supplyer),Insufficient legal basis for data processing,23,1,25170
99,"Art. 5 GDPR, Art. 6 GDPR",Cyprian Data Protection Commissioner,CYPRUS,2019-01-01,14000,Doctor,Insufficient legal basis for data processing,5,2,24250
100,Art. 32 GDPR,Data Protection Authority of Baden-Wuerttemberg,GERMANY,2019-01-01,80000,Unknown,Insufficient technical and organisational measures to ensure information security,9,1,35980
101,Art. 32 GDPR,Spanish Data Protection Authority (aepd),SPAIN,2019-01-01,12000,MadrileÄ‚Â±a Red de Gas,Insufficient technical and organisational measures to ensure information security,23,1,25170
102,Unknown,Austrian Data Protection Authority (dsb),AUSTRIA,2018-01-01,1800,Kebab restaurant,Insufficient legal basis for data processing,1,1,38250
103,"Art. 83 (4) a) GDPR, Art. 33 (1) GDPR, Art. 34 (1) GDPR",Data Protection Authority of Hamburg,GERMANY,2018-01-01,20000,Unknown,Insufficient fulfilment of data breach notification obligations,9,3,35980
104,Unknown,Data Protection Authority of Hamburg,GERMANY,2018-01-01,500,Unknown,Unknown,9,1,35980
105,Art. 5 (1) d) GDPR,Spanish Data Protection Authority (aepd),SPAIN,2018-01-01,5000,"VODAFONE ESPANA, S.A.U.",Non-compliance with general data processing principles,23,1,25170
106,Art. 6 GDPR,Czech Data Protection Auhtority (UOOU),CZECH REPUBLIC,2021-01-1,3140,"UniCredit Bank Czech Republic and Slovakia, a.s.",Insufficient legal basis for data processing,6,1,18000
107,Art. 6 GDPR,Data Protection Authority of Saarland,GERMANY,2021-01-1,118,Unknown,Insufficient legal basis for data processing,9,1,35980
108,Art. 5 (1) f) GDPR,Spanish Data Protection Authority (aepd),SPAIN,2021-01-1,60000,"Debt collecting agancy (GESTIÄ‚â€śN DE COBROS, YO COBRO SL)",Insufficient legal basis for data processing,23,1,25170
109,Art. 5 (1) d) GDPR,Spanish Data Protection Authority (aepd),SPAIN,2021-01-1,27000,"VODAFONE ESPANA, S.A.U.",Insufficient fulfilment of data subjects rights,23,1,25170
110,"Art. 5 (1) a) GDPR, Art. 6 GDPR",Spanish Data Protection Authority (aepd),SPAIN,2021-01-1,12000,Restaurant,Insufficient legal basis for data processing,23,2,25170
111,Art. 32 GDPR,Slovak Data Protection Office,SLOVAKIA,2021-01-1,40000,Slovak Telekom,Insufficient technical and organisational measures to ensure information security,22,1,15890
112,Art. 32 GDPR,Slovak Data Protection Office,SLOVAKIA,2021-01-1,50000,Social Insurance Agency,Insufficient technical and organisational measures to ensure information security,22,1,15890
113,"Art. 6 GDPR, Art. 7 GDPR",Czech Data Protection Auhtority (UOOU),CZECH REPUBLIC,2021-01-1,588,Alza.cz a.s.,Insufficient legal basis for data processing,6,2,18000
114,Art. 32 GDPR,Czech Data Protection Auhtority (UOOU),CZECH REPUBLIC,2021-01-1,980,Individual entrepreneur - no further details published,Insufficient technical and organisational measures to ensure information security,6,1,18000
115,Art. 28 GDPR,Polish National Personal Data Protection Office (UODO),POLAND,2019-10-18,9380,Polish Mayor,Non-compliance with lawful basis for data processing,19,1,12980
116,"Art. 12 GDPR, Art. 13 GDPR, Art. 5 (1) c) GDPR, Art. 6 GDPR",Romanian National Supervisory Authority for Personal Data Processing (ANSPDCP),ROMANIA,2019-10-17,2500,UTTIS INDUSTRIES,Information obligation non-compliance,21,4,9130
117,"Art. 5 GDPR, Art. 6 GDPR",Spanish Data Protection Authority (AEPD),SPAIN,2019-10-16,60000,Xfera Moviles S.A.,Non-compliance with lawful basis for data processing,23,2,25170
118,Art. 31 GDPR,Spanish Data Protection Authority (AEPD),SPAIN,2019-10-16,8000,Iberdrola Clientes,Failure to cooperate with supervisory authority,23,1,25170
119,Art. 32 GDPR,Romanian National Supervisory Authority for Personal Data Processing (ANSPDCP),ROMANIA,2019-10-09,150000,Raiffeisen Bank SA,Failure to implement sufficient measures to ensure information security,21,1,9130
120,"Art. 32 GDPR, Art. 33 GDPR",Romanian National Supervisory Authority for Personal Data Processing (ANSPDCP),ROMANIA,2019-10-09,20000,Vreau Credit SRL,Failure to implement sufficient measures to ensure information security,21,2,9130
121,"Art. 5 (1) c) GDPR, Art. 25 GDPR",Hellenic Data Protection Authority (HDPA),GREECE,2019-10-07,200000,Telecommunication Service Provider,Failure to comply with data processing principles,10,2,18150
122,"Art. 21 (3) GDPR, Art. 25 GDPR",Hellenic Data Protection Authority (HDPA),GREECE,2019-10-07,200000,Telecommunication Service Provider,Failure to comply with data processing principles,10,2,18150
123,"Art. 5 GDPR, Art. 6 GDPR",Spanish Data Protection Authority (AEPD),SPAIN,2019-10-01,30000,Vueling Airlines,Non-compliance with lawful basis for data processing,23,2,25170
124,"Art. 5 (1) a) GDPR, Art. 6 (1) a) GDPR",Romanian National Supervisory Authority for Personal Data Processing (ANSPDCP),ROMANIA,2019-09-26,9000,Inteligo Media SA,Non-compliance with lawful basis for data processing,21,2,9130
125,"Art. 15 GDPR, Art. 17 GDPR, Art. 21 GDPR",Data Protection Authority of Berlin,GERMANY,2019-09-19,195407,Delivery Hero,Non-compliance with subjects' rights protection safeguards,9,3,35980
126,Art. 5 (1) c) GDPR,Belgian Data Protection Authority (APD),BELGIUM,2019-09-19,10000,Merchant,Failure to comply with data processing principles,2,1,35900
127,Art. 32 GDPR,Polish National Personal Data Protection Office (UODO),POLAND,2019-09-10,644780,Morele.net,Failure to implement sufficient measures to ensure information security,19,1,12980
128,"Art. 13 GDPR, Art. 37 GDPR",Austrian Data Protection Authority (DSB),AUSTRIA,2019-08-30,50000,Medical Company,Information obligation non-compliance,1,2,38250
129,Art. 32 GDPR,Data Protection Commission of Bulgaria (KZLD),BULGARIA,2019-08-28,2600000,National Revenue Agency,Failure to implement sufficient measures to ensure information security,3,1,6800
130,Art. 32 GDPR,Data Protection Commission of Bulgaria (KZLD),BULGARIA,2019-08-28,511000,DSK Bank,Failure to implement sufficient measures to ensure information security,3,1,6800
131,Art. 17 GDPR,Data State Inspectorate (DSI),LATVIA,2019-08-26,7000,Online services provider,Non-compliance with subjects' rights protection safeguards,14,1,12490
132,"Art. 5 (1) c) GDPR, Art. 9 GDPR, Art. 35 GDPR, Art. 36 GDPR",Data Protection Authority of Sweden,SWEDEN,2019-08-20,18630,SkellefteÄ‚Ä„ school,Non-compliance with lawful basis for data processing,24,4,43840
133,Art. 6 GDPR,Spanish Data Protection Authority (AEPD),SPAIN,2019-08-16,60000,Avon Cosmetics,Non-compliance with lawful basis for data processing,23,1,25170
134,Art. 6 GDPR,Austrian Data Protection Authority (DSB),AUSTRIA,2019-07-31,11000,Private individual (football coach),Non-compliance with lawful basis for data processing,1,1,38250
135,"Art. 5 (1) GDPR, Art. 5 (2) GDPR, Art. 6 (1) GDPR, Art. 13 (1) c) GDPR, Art. 14 (1) c) GDPR",Hellenic Data Protection Authority (HDPA),GREECE,2019-07-30,150000,PWC Business Solutions,Non-compliance with lawful basis for data processing,10,5,18150
136,Art. 32 GDPR,French Data Protection Authority (CNIL),FRANCE,2019-07-25,180000,Active Assurances,Failure to implement sufficient measures to ensure information security,8,1,33270
137,Art. 32 GDPR,Information Commissioner (ICO),UNITED KINGDOM,2019-07-09,0,"Marriott International, Inc",Failure to implement sufficient measures to ensure information security,25,1,32960
138,Art. 32 GDPR,Information Commissioner (ICO),UNITED KINGDOM,2019-07-08,0,British Airways,Failure to implement sufficient measures to ensure information security,25,1,32960
139,Art. 32 GDPR,Romanian National Supervisory Authority for Personal Data Processing (ANSPDCP),ROMANIA,2019-07-05,3000,Legal Company & Tax Hub SRL,Failure to implement sufficient measures to ensure information security,21,1,9130
140,Art. 32 GDPR,Romanian National Supervisory Authority for Personal Data Processing (ANSPDCP),ROMANIA,2019-07-02,15000,World Trade Center Bucharest SA,Failure to implement sufficient measures to ensure information security,21,1,9130
141,"Art. 25 (1) GDPR, Art. 5 (1) c) GDPR",Romanian National Supervisory Authority for Personal Data Processing (ANSPDCP),ROMANIA,2019-06-27,130000,Unicredit Bank SA,Failure to implement sufficient measures to ensure information security,21,2,9130
142,Art. 33 GDPR,Hungarian National Authority for Data Protection and the Freedom of Information (NAIH),HUNGARY,2019-06-25,15150,Budapest Police Command,Information obligation non-compliance,11,1,13180
143,Art. 32 GDPR,Dutch Supervisory Authority for Data Protection (AP),NETHERLANDS,2019-06-18,460000,Hague Hospital,Failure to implement sufficient measures to ensure information security,17,1,42020
144,"Art. 5 (1) c) GDPR, Art. 12 GDPR, Art. 13 GDPR, Art. 32 GDPR",French Data Protection Authority (CNIL),FRANCE,2019-06-13,20000,Uniontrad Company,Non-compliance with lawful basis for data processing,8,4,33270
145,"Art. 5 (1) a), Art. 7 (3) GDPR",Spanish Data Protection Authority (AEPD),SPAIN,2019-06-11,250000,Professional Football League (LaLiga),Information obligation non-compliance,23,2,25170
146,"Art. 5 (1) e) GDPR, Art. 5 (2) GDPR",Danish Data Protection Authority (Datatilsynet),DENMARK,2019-06-03,200850,IDdesign A/S,Failure to comply with data processing principles,7,2,49190
147,"Art. 5 (1) b) GDPR, Art. 6 GDPR",Belgian Data Protection Authority (APD),BELGIUM,2019-05-28,2000,A mayor,Several,2,2,35900
148,Art. 32 GDPR,French Data Protection Authority (CNIL),FRANCE,2019-05-28,400000,SERGIC,Failure to implement sufficient measures to ensure information security,8,1,33270
149,"Art. 6 GDPR, Art. 5 (1) b) GDPR, Art. 13 GDPR",Hungarian National Authority for Data Protection and the Freedom of Information (NAIH),HUNGARY,2019-05-23,92146,Organizer of SZIGET festival and VOLT festival,Non-compliance with lawful basis for data processing and information obligation non-compliance,11,3,13180
150,"Art. 5 GDPR, Art. 32 GDPR, Art. 33 GDPR",Lithuanian Data Protection Authority (VDAI),LITHUANIA,2019-05-16,61500,UAB MisterTango,Failure to implement sufficient measures to ensure information security and information obligation non-compliance,15,3,13880
151,"Art. 5 (1) a) GDPR, Art. 5 (1) b) GDPR, Art. 32 (1) GDPR",Czech Data Protection Authority (UOOU),CZECH REPUBLIC,2019-05-13,3105,Not known,Not known,6,3,18000
152,Art. 6 GDPR,Data Protection Authority of Baden-Wuerttemberg,GERMANY,2019-05-09,1400,Police Officer,Non-compliance with lawful basis for data processing,9,1,35980
153,Art. 15 GDPR,Czech Data Protection Auhtority (UOOU),CZECH REPUBLIC,2019-05-06,194,Public utility company,Non-compliance with lawful basis for data processing,6,1,18000
154,Art. 32 GDPR,Norwegian Supervisory Authority (Datatilsynet),NORWAY,2019-04-29,203000,Oslo Municipal Education Department,Failure to implement sufficient measures to ensure information security,18,1,69890
155,Art. 6 GDPR,Polish National Personal Data Protection Office (UODO),POLAND,2019-04-25,12950,Sports association,Non-compliance with lawful basis for data processing,19,1,12980
156,Art. 32 GDPR,Italian Data Protection Authority (Garante),ITALY,2019-04-24,50000,Movimento 5 Stelle Party,Failure to implement sufficient measures to ensure information security,13,1,26860
157,"Art. 5 (1) a) GDPR, Art. 6 GDPR",Hungarian National Authority for Data Protection and the Freedom of Information (NAIH),HUNGARY,2019-04-17,9400,Not disclosed,Non-compliance with lawful basis for data processing,11,2,13180
158,"Art. 5 (1) a) GDPR, Art. 9 (1) GDPR, Art. 9 (2) GDPR, Art. 6 (1) GDPR",Data Protection Commission of Bulgaria (KZLD),BULGARIA,2019-04-08,510,Medical service providers,Non-compliance with lawful basis for data processing,3,4,6800
159,"Art. 33 (1) GDPR, Art. 33 (5) GDPR, Art. 34 (1) GDPR",Hungarian National Authority for Data Protection and the Freedom of Information (NAIH),HUNGARY,2019-04-05,34375,Political Party - Undisclosed,Information obligation non-compliance,11,3,13180
160,Art. 15 GDPR,Hungarian National Authority for Data Protection and the Freedom of Information (NAIH),HUNGARY,2019-04-04,1900,Not disclosed,Non-compliance with subjects' rights protection safeguards,11,1,13180
161,"Art. 5 (1) f) GDPR, Art. 32 GDPR",Norwegian Supervisory Authority (Datatilsynet),NORWAY,2019-03-29,170000,Bergen Municipality,Failure to implement sufficient measures to ensure information security,18,2,69890
162,Art. 14 GDPR,Polish National Personal Data Protection Office (UODO),POLAND,2019-03-26,219538,Private company,Information obligation non-compliance,19,1,12980
163,"Art. 5 (1) a) GDPR, Art. 6 GDPR",Data Protection Commission of Bulgaria (KZLD),BULGARIA,2019-03-26,5100,A.P. EOOD,Non-compliance with lawful basis for data processing,3,2,6800
164,Art. 15 GDPR,Portuguese Data Protection Authority (CNPD),PORTUGAL,2019-03-25,2000,Not available,Non-compliance with subjects' rights protection safeguards,20,1,18550
165,"Art. 5 (1) c) GDPR, Art. 5 (1) e) GDPR",Czech Data Protection Authority (UOOU),CZECH REPUBLIC,2019-03-21,9704,Not available,Failure to comply with data processing principles,6,2,18000
166,"Art. 5 (1) b) GDPR, Art. 5 (1) c) GDPR, Art. 13 (3) GDPR, Art. 17 (1) GDPR, Art. 6 (4) GDRP",Hungarian National Authority for Data Protection and the Freedom of Information (NAIH),HUNGARY,2019-03-04,3200,Not disclosed,Non-compliance with subjects' rights protection safeguards,11,5,13180
167,Art. 6 GDPR,Data Protection Authority of Berlin,GERMANY,2019-03-01,50000,N26,Non-compliance with lawful basis for data processing,9,1,35980
168,Art. 32 GDPR,Czech Data Protection Authority (UOOU),CZECH REPUBLIC,2019-02-28,582,Not available,Failure to implement sufficient measures to ensure information security,6,1,18000
169,"Art. 5 (1) a) GDPR, Art. 6 GDPR",Hungarian National Authority for Data Protection and the Freedom of Information (NAIH),HUNGARY,2019-02-28,3200,KecskemÄ‚Â©t Mayor's Office,Non-compliance with lawful basis for data processing,11,2,13180
170,"Art. 6 GDPR, Art. 5 (1) a) GDPR",Bulgarian Commission for Personal Data Protection (KZLD),BULGARIA,2019-02-26,27100,Telecommunication service provider,Non-compliance with lawful basis for data processing,3,2,6800
171,Art. 15 GDPR,Czech Data Protection Authority (UOOU),CZECH REPUBLIC,2019-02-26,776,Not available,Non-compliance with subjects' rights protection safeguards,6,1,18000
172,Art. 15 GDPR,Bulgarian Commission for Personal Data Protection (KZLD),BULGARIA,2019-02-22,500,Unknown company,Non-compliance with subjects' rights protection safeguards,3,1,6800
173,"Art. 5 (1) a) GDPR, Art. 5 (1) c) GDPR",Hungarian National Authority for Data Protection and the Freedom of Information (NAIH),HUNGARY,2019-02-20,1560,Unknown company,Failure to comply with data processing principles,11,2,13180
174,"Art. 5 GDPR, Art. 32 GDPR",Data Protection Commissioner of Malta,MALTA,2019-02-18,5000,Lands Authority,Failure to implement sufficient measures to ensure information security,16,2,22040
175,Art. 5 (1) d) GDPR,Hungarian National Authority for Data Protection and the Freedom of Information (NAIH),HUNGARY,2019-02-08,1560,A bank,Failure to comply with data processing principles,11,1,13180
176,"Art. 6 GDPR, Art. 5 GDPR",Data Protection Authority of Sachsen-Anhalt,GERMANY,2019-02-05,2500,Private individual,Non-compliance with lawful basis for data processing,9,2,35980
177,Art. 15 GDPR,Portuguese Data Protection Authority (CNPD),PORTUGAL,2019-02-05,20000,Not available,Non-compliance with lawful basis for data processing,20,1,18550
178,Art. 5 (1) a) GDPR,Czech Data Protection Authority (UOOU),CZECH REPUBLIC,2019-02-04,1165,Car renting company,Failure to implement sufficient measures to ensure information security,6,1,18000
179,Art. 32 GDPR,Czech Data Protection Authority (UOOU),CZECH REPUBLIC,2019-02-04,1165,Credit brokerage,Failure to implement sufficient measures to ensure information security,6,1,18000
180,"Art. 13 GDPR, Art. 14 GDPR, Art. 6 GDPR, Art. 4 GDPR, Art. 5 GDPR",French Data Protection Authority (CNIL),FRANCE,2019-01-21,50000000,Google Inc.,Several,8,5,33270
181,"Art. 6 GDPR, Art. 5 (1) a) GDPR",Bulgarian Commission for Personal Data Protection (KZLD),BULGARIA,2019-01-17,500,Bank,Non-compliance with lawful basis for data processing,3,2,6800
182,Art. 6 GDPR,Czech Data Protection Authority (UOOU),CZECH REPUBLIC,2019-01-10,388,Company,Non-compliance with lawful basis for data processing,6,1,18000
183,"Art. 5 GDPR, Art. 6 GDPR",Cypriot Data Protection Commissioner,CYPRUS,2019-01-01,14000,Doctor,Non-compliance with lawful basis for data processing,5,2,24250
184,"Art. 5 (1) a) GDPR, Art. 5 (1) c) GDPR, Art. 6 (1) GDPR, Art. 13 GDPR",Austrian Data Protection Authority (DSB),AUSTRIA,2018-12-20,2200,Private individual,Non-compliance with lawful basis for data processing,1,4,38250
185,"Art. 12 (4) GDPR, Art. 15 GDPR, Art. 18 (1) c) GDPR, Art. 13 GDPR",Hungarian National Authority for Data Protection and the Freedom of Information (NAIH),HUNGARY,2018-12-18,3200,Not disclosed,Failure to implement sufficient measures to ensure information security,11,4,13180
186,Art. 28 (3) GDPR,Data Protection Authority of Hamburg,GERMANY,2018-12-17,5000,Kolibri Image Regina und Dirk Maass GbR,Failure to collect sufficient data processing consent,9,1,35980
187,Art. 13 GDPR,Austrian Data Protection Authority (DSB),AUSTRIA,2018-12-12,4800,Bookmaker,Information obligation non-compliance,1,1,38250
188,Art. 32 GDPR,Data Protection Authority of Baden-Wuerttemberg,GERMANY,2018-11-21,20000,Knuddels.de,Failure to implement sufficient measures to ensure information security,9,1,35980
189,Art. 15 GDPR,Czech Data Protection Auhtority (UOOU),CZECH REPUBLIC,2018-10-25,388,Not available,Non-compliance with subjects' rights protection safeguards,6,1,18000
190,"Art. 5 (1) a) GDPR, Art. 6 GDPR",Austrian Data Protection Authority (DSB),AUSTRIA,2018-09-27,300,Private individual,Non-compliance with lawful basis for data processing,1,2,38250
191,"Art. 5 (1) f) GDPR, Art. 32 GDPR",Portuguese Data Protection Authority (CNPD),PORTUGAL,2018-07-17,400000,Hospital,Failure to implement sufficient measures to ensure information security,20,2,18550
192,"Art. 5 (1) b) GDPR, Art. 6 GDPR",Bulgarian Commission for Personal Data Protection (KZLD),BULGARIA,2018-05-12,500,Bank,Non-compliance with lawful basis for data processing,3,2,6800
193,"Art. 5 (1) a) GDPR, Art. 6 GDPR",Austrian Data Protection Authority (DSB),AUSTRIA,2019-10-23,18000000,Austrian Post,Non-compliance with lawful basis for data processing,1,2,38250
194,Art. 32 GDPR,Data Protection Authority of Baden-Wuerttemberg,GERMANY,2019-07-30,80000,Unknown,Failure to implement sufficient measures to ensure information security,9,1,35980
195,Art. 32 GDPR,Data Protection Authority of Baden-Wuerttemberg,GERMANY,2019-10-17,80000,Unknown,Failure to implement sufficient measures to ensure information security,9,1,35980
196,"Art. 5 GDPR, Art. 25 GDPR",Data Protection Authority of Baden-Wuerttemberg,GERMANY,2019-10-30,14500000,Deutsche Wohnen SE,Failure to comply with data processing principles,9,2,35980
197,"Art. 5 GDPR, Art. 6 GDPR",Spanish Data Protection Authority (AEPD),SPAIN,2019-10-25,36000,Vodafone Espana,Non-compliance with lawful basis for data processing,23,2,25170
198,Art.14 GDPR,Personal Data Protection Office,POLAND,2019-03-29,220000,Bisnode,Non-compliance with the right of consent,19,1,12980
199,Art.14 GDPR,Information Commissioner,UNITED KINGDOM,2019-06-24,100000,EE,Non-compliance with the right of consent,25,1,32960
200,Unknown,Information Commissioner,UNITED KINGDOM,2019-07-10,0,Driver and Vehicle Licensing Agency (DVLA),Non-compliance (Data Breach),25,1,32960
201,Data Protection Act 2018,Information Commissioner,UNITED KINGDOM,2019-07-16,80000,Life at Parliament View,Non-compliance (Data Breach),25,1,32960
202,Art.14 of the GDPR,Information Commissioner,UNITED KINGDOM,2019-02-01,140000,Leave.EU & GoSkippy,Non-compliance with the right of consent,25,1,32960
203,Art. 28 of the GDPR,Data Protection Authority,GERMANY,2019-01-23,5000,Small shipping company,https://dataprivacy.foxrothschild.com/2019/01/articles/european-union/hessian-dpa-fines-shipping-company-for-missing-data-processing-agreement/,9,1,35980
204,Art. 5 (1) d) GDPR,Spanish Data Protection Authority (AEPD),SPAIN,2021-01-01,5000,Vodafone Espana,Failure to comply with processing principles,23,1,25170
205,Art. 5 (1) f) GDPR,Spanish Data Protection Authority (AEPD),SPAIN,2021-01-01,60000,Gestion De Cobros Yo Cobro SL,Non-compliance with lawful basis for data processing,23,1,25170
206,Art. 5 (1) d) GDPR,Spanish Data Protection Authority (AEPD),SPAIN,2021-01-01,27000,Vodafone Espana,Non-compliance with subjects' rights protection safeguards,23,1,25170
207,Art. 5 (1) f) GDPR,Spanish Data Protection Authority (AEPD),SPAIN,2021-01-01,60000,ENDESA,Non-compliance with lawful basis for data processing,23,1,25170
208,"Art. 5 (1) a) GDPR, Art. 6 GDPR",Spanish Data Protection Authority (AEPD),SPAIN,2021-01-01,12000,Restaurant,Non-compliance with lawful basis for data processing,23,2,25170
209,Art. 6 GDPR,Data Protection Authority of Hamburg,GERMANY,2021-01-01,500,Unknown,Non-compliance with lawful basis for data processing,9,1,35980
210,"Art. 83 (4) a) GDPR, Art. 33 (1) GDPR, Art. 34 (1) GDPR",Data Protection Authority of Hamburg,GERMANY,2018-12-01,20000,Unknown,Information obligation non-compliance,9,3,35980
211,Art. 32 GDPR,Data Protection Authority of Baden-Wuerttemberg,GERMANY,2019-07-30,80000,Unknown,Failure to implement sufficient measures to ensure information security,9,1,35980
212,"Art. 5 GDPR, Art. 25 GDPR",Data Protection Authority of Berlin,GERMANY,2019-10-01,0,Deutsche Wohnen SE,Failure to comply with data processing principles,9,2,35980
213,Unknown,Austrian Data Protection Authority (DSB),AUSTRIA,2018-11-01,1800,Restaurant,Unknown,1,1,38250
214,Art. 15 GDPR,Cypriot Data Protection Commissioner,CYPRUS,2019-03-01,5000,State Hospital,Non-compliance with subjects' rights protection safeguards,5,1,24250
215,Art. 5(1) e) GDPR,Danish Data Protection Authority (Datatilsynet),DENMARK,2019-03-01,160000,Taxa 4x35,Failure to comply with processing principles,7,1,49190
216,Art. 32 GDPR,Dutch Supervisory Authority for Data Protection (AP),NETHERLANDS,2019-10-31,900000,UWV - Insurance provider,Failure to implement sufficient measures to ensure information security,17,1,42020
217,Art. 5 GDPR,Polish National Personal Data Protection Office (UODO),POLAND,2019-10-16,47000,ClickQuickNow,Failure to comply with processing principles,19,1,12980
218,Art. 32 GDPR,Spanish Data Protection Authority (AEPD),SPAIN,2019-01-21,12000,MadrileÄ‚Â±a Red de Gas,Failure to implement sufficient measures to ensure information security,23,1,25170
219,Art. 6 GDPR,Spanish Data Protection Authority (AEPD),SPAIN,2019-10-31,6000,Jocker Premium Invex,Non-compliance with lawful basis for data processing,23,1,25170
220,Art. 13 GDPR,Spanish Data Protection Authority (AEPD),SPAIN,2019-11-06,1500,Cerrajero Online,Information obligation non-compliance,23,1,25170
221,Art. 13 GDPR,Spanish Data Protection Authority (AEPD),SPAIN,2019-11-07,900,TODOTECNICOS24H S.L.,Information obligation non-compliance,23,1,25170
222,Art. 6 GDPR,Spanish Data Protection Authority (AEPD),SPAIN,2019-11-13,3000,General Confederation of Labour,Non-compliance with lawful basis for data processing,23,1,25170
223,Art. 5 GDPR,Spanish Data Protection Authority (AEPD),SPAIN,2019-11-14,30000,TelefÄ‚Ĺ‚nica SA,Non-compliance with lawful basis for data processing,23,1,25170
224,Art. 32 GDPR,Spanish Data Protection Authority (AEPD),SPAIN,2019-11-19,60000,Corporacion RTVE,Failure to implement sufficient measures to ensure information security,23,1,25170
225,Art. 6 GDPR,Spanish Data Protection Authority (AEPD),SPAIN,2019-11-21,60000,Viaqua XestiÄ‚Ĺ‚n SA,Non-compliance with lawful basis for data processing,23,1,25170
226,"Art. 12 GDPR, Art. 17 GDPR",Romanian National Supervisory Authority for Personal Data Processing (ANSPDCP),ROMANIA,2019-11-22,2000,BNP Paribas SA,Information obligation non-compliance,21,2,9130
227,Art. 32 GDPR,Romanian National Supervisory Authority for Personal Data Processing (ANSPDCP),ROMANIA,2019-11-25,11000,Fan Courier Express SRL,Failure to implement sufficient measures to ensure information security,21,1,9130
228,"Art. 5 GDPR, Art. 6 GDPR, Art. 13 GDPR, Art. 14 GDPR, Art. 21 GDPR",French Data Protection Authority (CNIL),FRANCE,2019-11-21,500000,Futura Internationale,Non-compliance with subjects' rights protection safeguards,8,5,33270
229,Art. 6 GDPR,Data State Inspectorate (DSI),LATVIA,2019-11-01,150000,Unknown,Non-compliance with lawful basis for data processing,14,1,12490
230,Art. 6 GDPR,Cypriot Data Protection Commissioner,CYPRUS,2019-03-01,10000,Newspaper,Non-compliance with lawful basis for data processing,5,1,24250
231,Art. 6 GDPR,Czech Data Protection Authority (UOOU),CZECH REPUBLIC,2021-01-01,3140,UniCredit Bank,Non-compliance with lawful basis for data processing,6,1,18000
232,"Art. 6 GDPR, Art. 7 GDPR",Czech Data Protection Authority (UOOU),CZECH REPUBLIC,2021-01-01,588,Alza.cz a.s.,Non-compliance with lawful basis for data processing,6,2,18000
233,Art. 32 GDPR,Czech Data Protection Authority (UOOU),CZECH REPUBLIC,2021-01-01,980,Individual entrepreneur,Failure to implement sufficient measures to ensure information security,6,1,18000
234,Art. 13 GDPR,Portuguese Data Protection Authority (CNPD),PORTUGAL,2019-03-19,2000,Not known,Information obligation non-compliance,20,1,18550
235,Art. 32 GDPR,Spanish Data Protection Authority (AEPD),SPAIN,2019-11-19,60000,Xfera Moviles S.A.,Failure to implement sufficient measures to ensure information security,23,1,25170
236,Art. 32 GDPR,Slovak Data Protection Office,SLOVAKIA,2019-09-27,40000,Slovak Telekom,Failure to implement sufficient measures to ensure information security,22,1,15890
237,Art. 32 GDPR,Slovak Data Protection Office,SLOVAKIA,2019-11-13,50000,Social Insurance Agency,Failure to implement sufficient measures to ensure information security,22,1,15890
238,Art. 32 GDPR,Romanian National Supervisory Authority for Personal Data Processing (ANSPDCP),ROMANIA,2019-11-29,20000,SC CNTAR TAROM SA,Failure to implement sufficient measures to ensure information security,21,1,9130
239,Art. 25 GDPR,Romanian National Supervisory Authority for Personal Data Processing (ANSPDCP),ROMANIA,2019-11-29,80000,ING Bank N.V. Amsterdam,Failure to comply with data processing principles,21,1,9130
240,"Art. 12 GDPR, Art. 15 GDPR",Romanian National Supervisory Authority for Personal Data Processing (ANSPDCP),ROMANIA,2019-11-29,2500,Royal President S.R.L.,Information obligation non-compliance,21,2,9130
241,Art. 6 GDPR,Belgian Data Protection Authority (APD),BELGIUM,2019-11-28,5000,City councilor,Non-compliance with lawful basis for data processing,2,1,35900
242,Art. 6 GDPR,Belgian Data Protection Authority (APD),BELGIUM,2019-11-28,5000,Mayor,Non-compliance with lawful basis for data processing,2,1,35900
243,Art. 6 GDPR,Spanish Data Protection Authority (AEPD),SPAIN,2019-12-02,10000,Ikea IbÄ‚Â©rica,Non-compliance with lawful basis for data processing,23,1,25170
244,Art. 5 GDPR,Data Protection Authority of Rheinland-Pfalz,GERMANY,2019-12-03,105000,Rheinland-Pfalz Hospital,Non-compliance with lawful basis for data processing,9,1,35980
245,Art. 37 GDPR,The Federal Commissioner for Data Protection and Freedom of Information (BfDI),GERMANY,2019-12-09,10000,Rapidata GmbH,No data protection officer appointed,9,1,35980
246,"<a href=""https://www.privacy-regulation.eu/en/32.htm"">Art. 32 GDPR</a>",The Federal Commissioner for Data Protection and Freedom of Information (BfDI),GERMANY,2019-12-09,9550000,1&1 Telecom GmbH,Failure to implement sufficient measures to ensure information security,9,1,35980
247,Art. 6 GDPR,Data Protection Commission of Bulgaria (KZLD),BULGARIA,2019-07-24,28160,Debt collection agency,Non-compliance with lawful basis for data processing,3,1,6800
248,Art. 6 (1) GDPR,Hungarian National Authority for Data Protection and the Freedom of Information (NAIH),HUNGARY,2019-10-01,15100,Town of Kerepes,Non-compliance with lawful basis for data processing,11,1,13180
249,Art. 6 GDPR,Spanish Data Protection Authority (AEPD),SPAIN,2019-11-28,75000,CurenergÄ‚Â­a Comercializador de Ä‚Ĺźltimo recurso,Non-compliance with lawful basis for data processing,23,1,25170
250,Art. 6 (1) GDPR,Spanish Data Protection Authority (AEPD),SPAIN,2019-10-19,21000,Vodafone Espana,Non-compliance with lawful basis for data processing,23,1,25170
251,Art. 5 (1) f) GDPR,Spanish Data Protection Authority (AEPD),SPAIN,2019-04-01,36000,Vodafone Espana,Non-compliance with lawful basis for data processing,23,1,25170
252,Art. 32 GDPR,Spanish Data Protection Authority (AEPD),SPAIN,2019-06-24,48000,Vodafone ONO,Failure to implement sufficient measures to ensure information security,23,1,25170
253,"Art. 5 (1) f) GDPR, Art. 32 GDPR",Spanish Data Protection Authority (AEPD),SPAIN,2019-06-24,30000,Vodafone Espana,Failure to implement sufficient measures to ensure information security,23,2,25170
254,Art. 6 GDPR,Spanish Data Protection Authority (AEPD),SPAIN,2019-03-22,40000,Vodafone Espana,Non-compliance with lawful basis for data processing,23,1,25170
255,Art. 5 (1) c) GDPR,Spanish Data Protection Authority (AEPD),SPAIN,2019-04-15,3600,"AMADOR RECREATIVOS, S.L",Non-compliance with lawful basis for data processing,23,1,25170
256,Art. 5 (1) c) GDPR,Spanish Data Protection Authority (AEPD),SPAIN,2019-05-08,9000,Private individual,Non-compliance with lawful basis for data processing,23,1,25170
257,Art. 5 (1) c) GDPR,Spanish Data Protection Authority (AEPD),SPAIN,2019-04-08,20000,Private individual,Non-compliance with lawful basis for data processing,23,1,25170
258,Art. 5 (1) a) GDPR,Spanish Data Protection Authority (AEPD),SPAIN,2019-05-06,48000,TelefÄ‚Ĺ‚nica SA,Non-compliance with lawful basis for data processing,23,1,25170
259,"Art. 12 GDPR, Art. 15 GDPR, Art. 17 GDPR",Belgian Data Protection Authority (APD),BELGIUM,2019-12-16,2000,Nursing Care Organization,Information obligation non-compliance,2,3,35900
260,Art. 6 GDPR,Hungarian National Authority for Data Protection and the Freedom of Information (NAIH),HUNGARY,2019-12-11,1500,Unknown,Non-compliance with lawful basis for data processing,11,1,13180
261,Art. 15 GDPR,Hungarian National Authority for Data Protection and the Freedom of Information (NAIH),HUNGARY,2019-11-18,90,Hospital,Non-compliance with subjects' rights protection safeguards,11,1,13180
262,"Art. 32 GDPR, Art. 33 GDPR",Hungarian National Authority for Data Protection and the Freedom of Information (NAIH),HUNGARY,2019-10-28,7400,Military Hospital,Information obligation non-compliance,11,2,13180
263,"Art. 5 (1) c) GDPR, Art. 13 GDPR",Spanish Data Protection Authority (AEPD),SPAIN,2019-12-10,1600,Megastar SL,Non-compliance with lawful basis for data processing,23,2,25170
264,Art. 13 GDPR,Spanish Data Protection Authority (AEPD),SPAIN,2019-12-03,1500,Cerrajeria Verin S.L.,Information obligation non-compliance,23,1,25170
265,Art. 6 GDPR,Spanish Data Protection Authority (AEPD),SPAIN,2019-12-03,5000,Linea Directa Aseguradora,Non-compliance with lawful basis for data processing,23,1,25170
266,Art. 5 (1) c) GDPR,Spanish Data Protection Authority (AEPD),SPAIN,2019-11-19,6000,Sports Bar,Non-compliance with lawful basis for data processing,23,1,25170
267,Art. 6 GDPR,Spanish Data Protection Authority (AEPD),SPAIN,2019-11-06,60000,Vodafone Espana,Non-compliance with lawful basis for data processing,23,1,25170
268,Art. 5 (1) f) GDPR,Spanish Data Protection Authority (AEPD),SPAIN,2019-10-23,60000,Vodafone Espana,Failure to implement sufficient measures to ensure information security,23,1,25170
269,"<a href=""https://www.privacy-regulation.eu/en/32.htm"">Art. 32 GDPR</a>",Spanish Data Protection Authority (AEPD),SPAIN,2019-12-10,5000,"Shop Macoyn, S.L.",Failure to implement sufficient measures to ensure information security,23,1,25170
270,"<a href=""https://www.privacy-regulation.eu/en/32.htm"">Art. 32 GDPR</a>",Romanian National Supervisory Authority for Personal Data Processing (ANSPDCP),ROMANIA,2019-12-18,2000,Telekom Romania,Failure to implement sufficient measures to ensure information security,21,1,9130
271,Art. 58 GDPR,Romanian National Supervisory Authority for Personal Data Processing (ANSPDCP),ROMANIA,2019-12-16,2000,Globus Score SRL,Non-cooperation with Data Protection Authority,21,1,9130
272,Art. 58 GDPR,Romanian National Supervisory Authority for Personal Data Processing (ANSPDCP),ROMANIA,2019-12-02,2000,Nicola Medical Team 17 SRL,Non-cooperation with Data Protection Authority,21,1,9130
273,Art. 32 GDPR,Romanian National Supervisory Authority for Personal Data Processing (ANSPDCP),ROMANIA,2019-11-29,500,Homeowners Association,Failure to implement sufficient measures to ensure information security,21,1,9130
274,Art. 58 GDPR,Romanian National Supervisory Authority for Personal Data Processing (ANSPDCP),ROMANIA,2019-11-26,3000,Modern Barber,Non-cooperation with Data Protection Authority,21,1,9130
275,"<a href=""https://www.privacy-regulation.eu/en/32.htm"">Art. 32 GDPR</a>",Information Commissioner (ICO),UNITED KINGDOM,2019-12-20,320000,Doorstep Dispensaree,Failure to implement sufficient measures to ensure information security,25,1,32960
276,Art. 5 GDPR,Dutch Supervisory Authority for Data Protection (AP),NETHERLANDS,2019-10-31,50000,Menzis,Non-compliance with lawful basis for data processing,17,1,42020
277,Art. 21 GDPR,Hellenic Data Protection Authority (HDPA),GREECE,2019-10-18,20000,Wind Hellas Telecommunications,Non-compliance with subjects' rights protection safeguards,10,1,18150
278,Art. 6 GDPR,Data Protection Authority of Sweden,SWEDEN,2019-12-16,35000,Nusvar AB,Non-compliance with lawful basis for data processing,24,1,43840
279,"Art. 6 GDPR, Art. 12 GDPR, Art. 13 GDPR",Belgian Data Protection Authority (APD),BELGIUM,2019-12-17,15000,Legal information wesbite,Non-compliance with lawful basis for data processing,2,3,35900
280,"Art 6 (1) GDPR, Art 58 (2) e) GDPR, Art 83 (5) a) GDPR",Data Protection Commission of Bulgaria (KZLD),BULGARIA,2019-09-03,28100,National Revenue Agency,Non-compliance with lawful basis for data processing,3,3,6800
281,Art. 6 (1) GDPR,Data Protection Commission of Bulgaria (KZLD),BULGARIA,2019-09-03,11760,Commercial representative of telecommunication service provider,Non-compliance with lawful basis for data processing,3,1,6800
282,Art. 6 GDPR,Bulgarian Commission for Personal Data Protection (KZLD),BULGARIA,2019-09-03,5113,Telecommunication service provider,Non-compliance with lawful basis for data processing,3,1,6800
283,Art. 6 (1) GDPR,Data Protection Commission of Bulgaria (KZLD),BULGARIA,2019-10-08,5112,Interior Ministry,Non-compliance with lawful basis for data processing,3,1,6800
284,"Art. 12 (4) GDPR, Art. 15 GDPR",Data Protection Commission of Bulgaria (KZLD),BULGARIA,2019-09-03,1121,Private enforcement agent,Non-compliance with subjects' rights protection safeguards,3,2,6800
285,"Art. 6 (1) GDPR, Art. 25 (1) GDPR",Data Protection Commission of Bulgaria (KZLD),BULGARIA,2019-09-03,1022,Telecom company,Non-compliance with lawful basis for data processing,3,2,6800
286,"Art. 12 (3) GDPR, Art. 15 (1) GDPR",Data Protection Commission of Bulgaria (KZLD),BULGARIA,2019-10-28,511,Employer,Non-compliance with subjects' rights protection safeguards,3,2,6800
287,Art. 31 GDPR,Data Protection Commission of Bulgaria (KZLD),BULGARIA,2019-10-07,511,BD,Lack of cooperation with Data Protection Authority,3,1,6800
288,Art. 6 GDPR,Data Protection Authority of Mecklenburg-Vorpommern,GERMANY,2019-08-06,800,Police Officer,Non-compliance with lawful basis for data processing,9,1,35980
289,Art. 6 GDPR,Data Protection Authority of Saarland,GERMANY,2019-01-01,118,Unknown,Non-compliance with lawful basis for data processing,9,1,35980
290,Art. 5 GDPR,Data Protection Authority of Niedersachsen,GERMANY,2019-12-02,294000,Unknown,Failure to comply with data processing principles,9,1,35980
291,Art. 32 GDPR,Cypriot Data Protection Commissioner,CYPRUS,2020-01-13,9000,Government agency,Failure to implement sufficient measures to ensure information security,5,1,24250
292,Art. 6 GDPR,Cypriot Data Protection Commissioner,CYPRUS,2020-01-13,1000,M.L. Pro.Fit Solutions LTD,Non-compliance with lawful basis for data processing,5,1,24250
293,"Art. 6 GDPR, Art. 9 GDPR",Cypriot Data Protection Commissioner,CYPRUS,2019-10-25,70000,LGS Handling Ltd,Non-compliance with lawful basis for data processing,5,2,24250
294,"Art. 6 GDPR, Art. 9 GDPR",Cypriot Data Protection Commissioner,CYPRUS,2019-10-25,10000,Louis Travel Ltd,Non-compliance with lawful basis for data processing,5,2,24250
295,"Art. 6 GDPR, Art. 9 GDPR",Cypriot Data Protection Commissioner,CYPRUS,2019-10-25,2000,Louis Aviation Ltd,Non-compliance with lawful basis for data processing,5,2,24250
296,"Art. 5 (1) a), (2) GDPR",Hellenic Data Protection Authority (HDPA),GREECE,2020-01-13,15000,Allseas Marine S.A.,Non-compliance with lawful basis for data processing,10,2,18150
297,"Art. 5 GDPR, Art. 6 GDPR, Art. 17 GDPR, Art. 21 GDPR",Italian Data Protection Authority (Garante),ITALY,2020-01-17,8500000,Eni Gas e Luce,Non-compliance with lawful basis for data processing,13,4,26860
298,"Art. 5 GDPR, Art. 6 GDPR",Italian Data Protection Authority (Garante),ITALY,2020-01-17,3000000,Eni Gas e Luce,Non-compliance with lawful basis for data processing,13,2,26860
299,"Art. 5 GDPR, Art. 6 GDPR, Art. 7 GDPR, Art. 21 GDPR",Romanian National Supervisory Authority for Personal Data Processing (ANSPDCP),ROMANIA,2020-01-14,6000,SC Enel Energie S.A.,Non-compliance with lawful basis for data processing,21,4,9130
300,"Art. 5 (1) GDPR, Art. 6 GDPR, Art. 7 GDPR",Romanian National Supervisory Authority for Personal Data Processing (ANSPDCP),ROMANIA,2019-12-13,5000,Entirely Shipping & Trading S.R.L.,Non-compliance with lawful basis for data processing,21,3,9130
301,"Art. 5 (1) GDPR, Art. 6 GDPR, Art. 7 GDPR, Art. 9 GDPR",Romanian National Supervisory Authority for Personal Data Processing (ANSPDCP),ROMANIA,2019-12-13,5000,Entirely Shipping & Trading S.R.L.,Non-compliance with lawful basis for data processing,21,4,9130
302,"Art. 5 GDPR, Art. 25 GDPR, Art. 32 GDPR, Art. 33 GDPR",Romanian National Supervisory Authority for Personal Data Processing (ANSPDCP),ROMANIA,2019-12-10,14000,Hora Credit IFN SA,Non-compliance with lawful basis for data processing,21,4,9130
303,Art. 58 GDPR,Spanish Data Protection Authority (AEPD),SPAIN,2020-01-09,3000,Vodafone Espana,Non-cooperation with Data Protection Authority,23,1,25170
304,Art. 5 (1) f) GDPR,Spanish Data Protection Authority (AEPD),SPAIN,2020-01-07,44000,Vodafone Espana,Failure to comply with data processing principles,23,1,25170
305,Art. 6 GDPR,Spanish Data Protection Authority (AEPD),SPAIN,2020-01-07,75000,EDP EspaÄ‚Â±a S.A.U.,Non-compliance with lawful basis for data processing,23,1,25170
306,Art. 6 GDPR,Spanish Data Protection Authority (AEPD),SPAIN,2020-01-07,75000,"EDP Comercializadora, S.A.U.",Non-compliance with lawful basis for data processing,23,1,25170
307,Art. 6 GDPR,Spanish Data Protection Authority (AEPD),SPAIN,2020-01-07,10000,AsociaciÄ‚Ĺ‚n de MÄ‚Â©dicos DemÄ‚Ĺ‚cratas,Non-compliance with lawful basis for data processing,23,1,25170
308,Art. 58(2) GDPR,Italian Data Protection Authority (Garante),ITALY,2020-02-01,27802946,TIM - Telecom Provider,Non-cooperation with Data Protection Authority,13,1,26860
309,"Art. 5 GDPR, Art. 6 GDPR",Spanish Data Protection Authority (AEPD),SPAIN,2020-02-03,60000,Xfera Moviles S.A.,Non-compliance with lawful basis for data processing,23,2,25170
310,"Art. 5 GDPR, Art. 6 GDPR",Spanish Data Protection Authority (AEPD),SPAIN,2020-02-03,75000,"Vodafone EspaÄ‚Â±a, S.A.U.",Non-compliance with lawful basis for data processing,23,2,25170
311,"Art. 5 GDPR, Art. 6 GDPR",Spanish Data Protection Authority (AEPD),SPAIN,2020-02-03,60000,"Vodafone EspaÄ‚Â±a, S.A.U.",Non-compliance with lawful basis for data processing,23,2,25170
312,Art. 5 GDPR,Spanish Data Protection Authority (AEPD),SPAIN,2020-02-03,50000,"Vodafone EspaÄ‚Â±a, S.A.U.",Non-compliance with lawful basis for data processing,23,1,25170
313,"Art. 5 GDPR, Art. 6 GDPR, Art. 21 GDPR",Spanish Data Protection Authority (AEPD),SPAIN,2020-02-03,20000,Iberia Lineas Aereas,Non-compliance with lawful basis for data processing,23,3,25170
314,"Art. 5 GDPR, Art. 6 GDPR",Spanish Data Protection Authority (AEPD),SPAIN,2020-02-03,75000,"Vodafone EspaÄ‚Â±a, S.A.U.",Non-compliance with lawful basis for data processing,23,2,25170
315,"Art. 5 GDPR, Art. 6 GDPR, Art. 21 GDPR",Spanish Data Protection Authority (AEPD),SPAIN,2020-02-03,6670,Banco Bilbao,Non-compliance with lawful basis for data processing,23,3,25170
316,"Art. 5 GDPR, Art. 6 GDPR",Spanish Data Protection Authority (AEPD),SPAIN,2020-02-03,5000,Queseria Artesenal Ameco S.L.,Non-compliance with lawful basis for data processing,23,2,25170
317,"Art. 5 GDPR, Art. 6 GDPR",Spanish Data Protection Authority (AEPD),SPAIN,2020-02-03,800,Private person,Non-compliance with lawful basis for data processing,23,2,25170
318,"Art. 5 GDPR, Art. 6 GDPR",Spanish Data Protection Authority (AEPD),SPAIN,2020-02-04,1500,CafeterÄ‚Â­a Nagasaki,Non-compliance with lawful basis for data processing,23,2,25170
319,"Art. 5 GDPR, Art. 6 GDPR",Spanish Data Protection Authority (AEPD),SPAIN,2020-01-14,3600,"Zhang Bordeta 2006, S.L.",Non-compliance with lawful basis for data processing,23,2,25170
320,"Art. 5 GDPR, Art. 6 GDPR",Italian Data Protection Authority (Garante),ITALY,2020-01-15,10000,Francavilla Fontana,Non-compliance with lawful basis for data processing,13,2,26860
321,Art. 37 GDPR,Data Protection Authority of Hamburg,GERMANY,2019-01-01,51000,Facebook,Failure to appoint a data protection officer,9,1,35980
322,Art. 32 GDPR,Spanish Data Protection Authority (AEPD),SPAIN,2020-02-28,48000,Vodafone ONO,Failure to implement sufficient measures to ensure information security,23,1,25170
323,Art. 5 GDPR,Spanish Data Protection Authority (AEPD),SPAIN,2020-02-27,120000,Vodafone EspaÄ‚Â±a,Non-compliance with lawful basis for data processing,23,1,25170
324,"Art. 5 GDPR, Art. 6 GDPR",Spanish Data Protection Authority (AEPD),SPAIN,2020-02-25,48000,HM Hospitales,Non-compliance with lawful basis for data processing,23,2,25170
325,Art. 13 GDPR,Spanish Data Protection Authority (AEPD),SPAIN,2020-02-18,1500,Mymoviles Europa 2000,Insufficient fulfilment of information obligations,23,1,25170
326,Art. 5 (1) f) GDPR,Spanish Data Protection Authority (AEPD),SPAIN,2020-02-14,2500,Grupo Valsor Y Losan,Non-compliance with lawful basis for data processing,23,1,25170
327,Art. 6 GDPR,Spanish Data Protection Authority (AEPD),SPAIN,2020-02-14,3000,Colegio Arenales Carabanchel,Non-compliance with lawful basis for data processing,23,1,25170
328,Art. 6 GDPR,Spanish Data Protection Authority (AEPD),SPAIN,2020-02-14,50000,Iberdrola Clientes,Non-compliance with lawful basis for data processing,23,1,25170
329,Art. 32 GDPR,Spanish Data Protection Authority (AEPD),SPAIN,2020-02-14,42000,Vodafone EspaÄ‚Â±a,Failure to implement sufficient measures to ensure information security,23,1,25170
330,Art. 32 GDPR,Spanish Data Protection Authority (AEPD),SPAIN,2020-02-14,30000,Xfera Moviles S.A.,Failure to implement sufficient measures to ensure information security,23,1,25170
331,"Art. 5 GDPR, Art. 6 GDPR",Spanish Data Protection Authority (AEPD),SPAIN,2020-03-03,24000,Vodafone EspaÄ‚Â±a,Non-compliance with lawful basis for data processing,23,2,25170
332,Art. 5 GDPR,Spanish Data Protection Authority (AEPD),SPAIN,2020-03-03,40000,Vodafone EspaÄ‚Â±a,Non-compliance with lawful basis for data processing,23,1,25170
333,Art. 32 GDPR,Spanish Data Protection Authority (AEPD),SPAIN,2020-03-03,42000,Vodafone EspaÄ‚Â±a,Failure to implement sufficient measures to ensure information security,23,1,25170
334,Art. 13 GDPR,Spanish Data Protection Authority (AEPD),SPAIN,2020-03-03,1800,Solo Embrague,Insufficient fulfilment of information obligations,23,1,25170
335,"Art. 5 GDPR, Art. 6 GDPR",Dutch Supervisory Authority for Data Protection (AP),NETHERLANDS,2020-03-03,525000,Royal Dutch Tennis Assoc.,Non-compliance with lawful basis for data processing,17,2,42020
336,Art. 5 GDPR,Polish National Personal Data Protection Office (UODO),POLAND,2020-03-04,4600,School in Gdansk,Non-compliance with lawful basis for data processing,19,1,12980
337,Art. 5 GDPR,Private person,SPAIN,2020-03-06,4000,Spanish Data Protection Authority (AEPD),Non-compliance with lawful basis for data processing,23,1,25170
338,"Art. 5 GDPR, Art. 6 GDPR",Italian Data Protection Authority (Garante),ITALY,2020-03-06,4000,Liceo Scientifico Nobel di Torre del Greco,Non-compliance with lawful basis for data processing,13,2,26860
339,"Art. 5 GDPR, Art. 6 GDPR",Italian Data Protection Authority (Garante),ITALY,2020-03-06,4000,Liceo Artistico Statale di Napoli,Non-compliance with lawful basis for data processing,13,2,26860
340,Art. 5 (1) f) GDPR,Spanish Data Protection Authority (AEPD),SPAIN,2020-03-09,15000,Gesthotel Activos Balagares,Non-compliance with lawful basis for data processing,23,1,25170
341,"Art. 5 (1) f) GDPR, Art. 32 GDPR",Icelandic Data Protection Authority ('PersÄ‚Ĺ‚nuvernd'),ICELAND,2020-03-10,9000,BreiÄ‚Â°holt School,Failure to implement sufficient measures to ensure information security,12,2,38840
342,"Art. 5 (1) f) GDPR, Art. 32 GDPR",Icelandic Data Protection Authority ('PersÄ‚Ĺ‚nuvernd'),ICELAND,2020-03-10,20600,Addiction Medicine Center,Failure to implement sufficient measures to ensure information security,12,2,38840
343,"Art. 5 (1) f) GDPR, Art. 32 GDPR",Danish Data Protection Authority (Datatilsynet),DENMARK,2020-03-10,14000,Gladsaxe Municipality,Failure to implement sufficient measures to ensure information security,7,2,49190
344,"Art. 5 (1) f) GDPR, Art. 32 GDPR",Danish Data Protection Authority (Datatilsynet),DENMARK,2020-03-10,7000,HÄ‚Â¸rsholm Municipality,Failure to implement sufficient measures to ensure information security,7,2,49190
345,"Art. 5 GDPR, Art. 6 GDPR, Art. 17 GDPR",Data Protection Authority of Sweden,SWEDEN,2020-03-11,7000000,Google,Failure to comply with data processing principles,24,3,43840
346,"Art. 5 (1) f) GDPR, Art. 32 GDPR",Romanian National Supervisory Authority for Personal Data Processing (ANSPDCP),ROMANIA,2020-02-11,3000,Vodafone Romania,Failure to comply with data processing principles,21,2,9130
347,"Art. 6 GDPR, Art. 21 GDPR",Romanian National Supervisory Authority for Personal Data Processing (ANSPDCP),ROMANIA,2020-03-25,3000,eMag - Dante International,Non-compliance with lawful basis for data processing,21,2,9130
348,Art. 32 GDPR,Romanian National Supervisory Authority for Personal Data Processing (ANSPDCP),ROMANIA,2020-03-25,4150,Vodafone Romania,Failure to implement sufficient measures to ensure information security,21,1,9130
349,Art. 32 GDPR,Romanian National Supervisory Authority for Personal Data Processing (ANSPDCP),ROMANIA,2020-03-25,3000,Enel Energie,Failure to implement sufficient measures to ensure information security,21,1,9130
350,Art. 58 GDPR,Romanian National Supervisory Authority for Personal Data Processing (ANSPDCP),ROMANIA,2020-03-25,2000,SOS Infertility Association,Non-cooperation with Data Protection Authority,21,1,9130
351,"Art. 15 (1), (3) GDPR",Croatian Data Protection Authority (AZOP),CROATIA,2020-03-13,0,Bank (unknown),Information obligation non-compliance,4,2,12480
352,Art. 5 (1) GDPR,Czech Data Protection Auhtority (UOOU),CZECH REPUBLIC,2019-03-21,10000,Unknown,Non-compliance with lawful basis for data processing,6,1,18000
353,Art. 5 (1) c) GDPR,Data Protection Authority of Saarland,GERMANY,2019-01-01,2000,Restaurant,Failure to comply with data processing principles,9,1,35980
354,"Art. 33 GDPR, Art. 34 GDPR",Data Protection Authority of Hamburg,GERMANY,2019-01-01,20000,https://datenschutz-hamburg.de/assets/pdf/28._Taetigkeitsbericht_Datenschutz_2019_HmbBfDI.pdf,Failure to implement sufficient measures to ensure information security,9,2,35980
355,"Art. 5 GDPR, Art. 32 GDPR",Data Protection Authority of Baden-Wuerttemberg,GERMANY,2019-04-04,80000,Company in the financial sector,Failure to implement sufficient measures to ensure information security,9,2,35980
356,"Art. 5 GDPR, Art. 6 GDPR",Data Protection Authority of Nordrhein-Westfalen,GERMANY,2019-08-05,200,Private person (YouTube-Channel),Failure to comply with data processing principles,9,2,35980
357,"Art. 5 GDPR, Art. 32 GDPR",Data Protection Authority of Baden-Wuerttemberg,GERMANY,2019-10-24,100000,Food company,Failure to implement sufficient measures to ensure information security,9,2,35980
358,"Art. 5 GDPR, Art. 6 GDPR, Art. 32 GDPR",Hellenic Data Protection Authority (HDPA),GREECE,2019-12-19,150000,Aegean Marine Petroleum Network Inc.,Failure to comply with data processing principles,10,3,18150
